code,category,subcategory,description,collection_method,source
R1-1,Room & Facility,Capacity,The seating capacity of the assigned room shall not be lower than the number of registered candidates.,Survey at Université de Tours,Université de Tours
R1-2,Room & Facility,Capacity,The student-to-seat ratio for any examination shall not exceed a pre-defined limit.,Survey at Université de Tours,Université de Tours
R1-3,Room & Facility,Capacity,The total number of candidates examined on a given calendar day shall not exceed an institution-specific ceiling.,Extraction from Research Literature,Cornell University (Ye et al. (2025))
R1-4,Room & Facility,Capacity,The aggregate number of students present within a single building at any time shall not surpass a capacity limit set by safety regulations.,Survey at Université de Tours,Université de Tours
R1-5,Room & Facility,Capacity,"For oral examinations, the number of examinees in a time slot shall not exceed the maximum interview capacity authorised by the department.",Extraction from Research Literature,Katholieke Hogeschool Sint-Lieven (Demeester et al. (2012))
R1-6,Room & Facility,Capacity,The number of distinct examinations assigned to the same room and time slot shall not exceed a predefined maximum N .,Extraction from Research Literature,Hubei University of Technology (OuYang and Chen (2010))
R1-7,Room & Facility,Capacity,No more than N students may sit an exam at any one time.,Extraction from Research Literature,Swansea University (Thompson and Dowsland (1995))
R2-1,Room & Facility,Equipment / Environment,A buffer of not less than a specified time interval shall separate consecutive examinations scheduled in the same room.,Survey at Université de Tours,Université de Tours
R2-2,Room & Facility,Equipment / Environment,"The temperature shall remain within an acceptable range, or the room must offer appropriate climate control.",Survey at Université de Tours,Université de Tours
R2-3,Room & Facility,Equipment / Environment,The room shall remain continuously available for the entire duration of the examination.,Survey at Université de Tours,Université de Tours
R2-4,Room & Facility,Equipment / Environment,The room must have the required equipment.,Survey at Université de Tours,Université de Tours
R2-5,Room & Facility,Equipment / Environment,The room must have the required equipment for at least a predefined share of students taking the exam.,Survey at Université de Tours,Université de Tours
R3-1,Room & Facility,Location / Preference,Preferentially assign examinations to rooms located within the candidates’ departmental building.,Extraction from Research Literature,Israel Institute of Technology (Strichman (2017))
R3-2,Room & Facility,Location / Preference,Certain examinations shall be scheduled exclusively in designated rooms.,Survey at Université de Tours,Université de Tours
R3-3,Room & Facility,Location / Preference,Large exam halls must be scheduled in preference to smaller ones.,Extraction from Research Literature,UK institutions (Burke et al. (1996))
R3-4,Room & Facility,Location / Preference,Exams must be scheduled to rooms near the relevant department.,Extraction from Research Literature,UK institutions (Burke et al. (1996))
R3-5,Room & Facility,Location / Preference,Exams for the same department should be kept together.,Extraction from Research Literature,UK institutions (Burke et al. (1996))
R3-6,Room & Facility,Location / Preference,Specific rooms may be reserved exclusively for particular degree programmes.,Extraction from Research Literature,Yıldız Technical University (Güler and Geçici (2020); Güler et al. (2021))
R3-7,Room & Facility,Location / Preference,A student who has consecutive exams on the same day should be assigned to the same room.,Extraction from Research Literature,Universiti Kebangsaan Malaysia (Ayob et al. (2007))
R3-8,Room & Facility,Location / Preference,"A penalty is incurred when examinations for distinct courses are placed in the same building or in adjacent rooms, so as to encourage spatial diversity.",Extraction from Research Literature,University of Sharjah (Lulu et al. (2024))
R3-9,Room & Facility,Location / Preference,"Rooms allocated to a split examination shall, where possible, be located in the same building or campus sector.",Extraction from Research Literature,University Malaysia Sarawak (Siew et al. (2025))
R4-1,Room & Facility,Merger,The examination shall not be merged with any other examination.,Extraction from Research Literature,Université de Technologie de Compiègne (Arbaoui et al. (2013))
R4-2,Room & Facility,Merger,The examination may be merged with other examinations.,Survey at Université de Tours,Université de Tours
R4-3,Room & Facility,Merger,Only examinations belonging to authorised categories may be merged.,Extraction from Research Literature,Universiti Kebangsaan Malaysia (Ayob et al. (2007))
R4-4,Room & Facility,Merger,Oral and written components shall not be merged into the same room.,Extraction from Research Literature,Katholieke Hogeschool Sint-Lieven (Demeester et al. (2012))
R4-5,Room & Facility,Merger,Candidates shall be split into separate rooms according to examination end times.,Extraction from Research Literature,UK institutions (Burke et al. (1996))
R4-6,Room & Facility,Merger,Examinations of differing duration shall not be scheduled in the same room.,Extraction from Research Literature,UK institutions (Burke et al. (1996))
R4-7,Room & Facility,Merger,The number of rooms assigned to a split examination shall be minimised.,Extraction from Research Literature,UK institutions (Burke et al. (1996))
S1-1,Student Conflict & Spread,Load,A minimum gap of ∆ hours shall separate any two examinations taken by the same student on the same day.,Survey at Université de Tours,Université de Tours
S1-2,Student Conflict & Spread,Load,Subjects designated as difficult shall be placed towards the end of the examination session to mitigate early cognitive overload.,Extraction from Research Literature,Komijan and Koupaei (2012)
S1-3,Student Conflict & Spread,Load,Each student’s examinations should be evenly distributed across the timetable.,Extraction from Research Literature,Université Catholique de l’Ouest (Boizumault et al. (1996))
S1-4,Student Conflict & Spread,Load,No student shall be required to sit more than a set number of examinations per day.,Extraction from Research Literature,Université de Sfax (Dammak et al. (2007))
S1-5,Student Conflict & Spread,Load,"For a given academic programme, the number of examinations per day shall not exceed the programme-specific daily limit.",Extraction from Research Literature,Ankara HBV University (Bayar and Uzun Bayar (2020))
S1-6,Student Conflict & Spread,Load,The cumulative examination duration assigned to any student over any two consecutive days shall not exceed the maximum total duration set by policy.,Extraction from Research Literature,University College Cork (Genc and O’Sullivan (2020))
S1-7,Student Conflict & Spread,Load,"Within a single academic department, the number of examinations scheduled on the same day shall not exceed the departmental daily limit.",Extraction from Research Literature,Yıldız Technical University (Güler and Geçici (2020); Güler et al. (2021))
S1-8,Student Conflict & Spread,Load,"If a student has only one examination on a given day, that examination should be placed outside the evening time slots to reduce on-campus idle time.",Extraction from Research Literature,Kamisli Ozturk et al. (2024)
S1-9,Student Conflict & Spread,Load,The number of consecutive examinations assigned to a student within the same day shall not exceed the permitted consecutive-exam limit.,Extraction from Research Literature,UK institutions (Burke et al. (1996))
S1-10,Student Conflict & Spread,Load,Take-away examinations should not be scheduled concurrently with in-person examinations.,Extraction from Research Literature,Kamisli Ozturk et al. (2024)
S1-11,Student Conflict & Spread,Load,"A student shall not be assigned an examination in the last time slot of one day followed by another in the first slot of the next day, so as to ensure sufficient overnight rest.",Extraction from Research Literature,Middle East Technical University (Ergül (1996))
S1-12,Student Conflict & Spread,Load,The average difficulty of a student’s examinations shall be fairly distributed.,Extraction from Research Literature,Muklason et al. (2017)
S1-13,Student Conflict & Spread,Load,A penalty shall be applied to examinations scheduled on weekends.,Extraction from Research Literature,MARA University of Technology (Cowling et al. (2002); Kendall and Hussin (2005))
S1-14,Student Conflict & Spread,Load,"All examinations belonging to the same academic year shall be scheduled in a single designated time band (morning, afternoon, or evening).",Extraction from Research Literature,University of Toronto and Carleton University (Carter et al. (1994))
S1-15,Student Conflict & Spread,Load,A scheduling penalty shall be applied when a student is assigned examinations in both the period before lunch and after lunch on the same day.,Extraction from Research Literature,Di Gaspero and Schaerf (2001)
S1-16,Student Conflict & Spread,Load,Examinations for courses in the same programme and term shall not be scheduled in consecutive time slots on the same day.,Extraction from Research Literature,Universidad Diego Portales (Cataldo et al. (2017))
S2-1,Student Conflict & Spread,Overlap,A student shall not be allocated to two examinations occurring in the same time slot.,Survey at Université de Tours,Université de Tours
S2-2,Student Conflict & Spread,Overlap,Re-sit candidates must be prevented from overlapping with another examination.,Survey at Université de Tours,Université de Tours
S2-3,Student Conflict & Spread,Overlap,Examination clashes for each academic programme should be minimised.,Extraction from Research Literature,Ankara HBV University (Bayar and Uzun Bayar (2020))
S2-4,Student Conflict & Spread,Overlap,Examination clashes for each programme–year combination should be minimised.,Extraction from Research Literature,Ankara HBV University (Bayar and Uzun Bayar (2020))
S2-5,Student Conflict & Spread,Overlap,Scheduling should minimise clashes among elective courses.,Extraction from Research Literature,Ankara HBV University (Bayar and Uzun Bayar (2020))
S2-6,Student Conflict & Spread,Overlap,Exams A and B must not share the same period. (Equivalent to D1-4),Extraction from Research Literature,United States Military Academy in West Point (Wang et al. (2010))
S2-7,Student Conflict & Spread,Overlap,Examinations for courses belonging to the same academic programme and term shall not share the same time slot.,Extraction from Research Literature,Universidad Diego Portales (Cataldo et al. (2017))
S2-8,Student Conflict & Spread,Overlap,Minimise the disparity in exam-slot conflicts among academic programmes and terms.,Extraction from Research Literature,Universidad Diego Portales (Cataldo et al. (2017))
S3-1,Student Conflict & Spread,Assignment,Minimise the number of students assigned to examination commissions where neither their supervisor nor referee serves as examiner.,Extraction from Research Literature,Masaryk University (Kochaniková and Rudová (2013); Rudová et al. (2014))
S3-2,Student Conflict & Spread,Assignment,Students supervised (or reviewed) by the same faculty member shall be scheduled in consecutive examination sequences so that the faculty member attends the minimum possible number of separate sequences. Equivalent to I1-10.,Extraction from Research Literature,Masaryk University (Kochaniková and Rudová (2013); Rudová et al. (2014))
S3-3,Student Conflict & Spread,Assignment,The thesis should be scheduled such that both the supervisor and the referee can attend the examination. Equivalent to I3-6.,Extraction from Research Literature,Masaryk University (Kochaniková and Rudová (2013); Rudová et al. (2014))
I1-1,Invigilation & Staffing,Workload,The cumulative invigilation workload assigned to any staff member shall not exceed the maximum load defined by institutional policy.,Extraction from Research Literature,King Saud University (Al-Negheimish et al. (2018); Hosny (2012))
I1-2,Invigilation & Staffing,Workload,Invigilation duties shall not be assigned in the late-evening time band more frequently than the frequency limit specified by the institution.,Extraction from Research Literature,King Saud University (Al-Negheimish et al. (2018); Hosny (2012))
I1-3,Invigilation & Staffing,Workload,Each instructor shall have at least one unscheduled day per examination week.,Extraction from Research Literature,King Saud University (Al-Negheimish et al. (2018); Hosny (2012))
I1-4,Invigilation & Staffing,Workload,"Staff holding additional roles (e.g., administration or funded research) shall receive a reduced number of invigilation duties.",Extraction from Research Literature,MARA University of Technology (Cowling et al. (2002); Kendall and Hussin (2005))
I1-5,Invigilation & Staffing,Workload,The number of examinations invigilated by any staff member during the exam period shall not exceed the staff-duty limit specified by the institution.,Extraction from Research Literature,Universiti Malaysia Pahang (Mohmad Kahar and Kendall (2014))
I1-6,Invigilation & Staffing,Workload,Invigilation duties shall be balanced among faculty members holding the same academic rank.,Extraction from Research Literature,King Saud University (Al-Negheimish et al. (2018); Hosny (2012))
I1-7,Invigilation & Staffing,Workload,Chief-invigilator duties shall be evenly spread among eligible lecturers.,Extraction from Research Literature,Universiti Malaysia Pahang (Mohmad Kahar and Kendall (2014))
I1-8,Invigilation & Staffing,Workload,Invigilation assignments shall be distributed so that each invigilator carries a comparable total duty load.,Extraction from Research Literature,MARA University of Technology (Cowling et al. (2002); Kendall and Hussin (2005))
I1-9,Invigilation & Staffing,Workload,A minimum rest period of ∆ hours shall separate consecutive invigilation duties assigned to the same staff member.,Extraction from Research Literature,MARA University of Technology (Cowling et al. (2002); Kendall and Hussin (2005))
I1-10,Invigilation & Staffing,Workload,Students supervised (or reviewed) by the same faculty member shall be scheduled in consecutive examination sequences so that the faculty member attends the minimum possible number of separate sequences. Equivalent to S3-2.,Extraction from Research Literature,Masaryk University (Kochaniková and Rudová (2013); Rudová et al. (2014))
I1-11,Invigilation & Staffing,Workload,Minimise the number of proctor schedules containing split shifts on the same day.,Extraction from Research Literature,Carleton University (Awad and Chinneck (1998))
I1-12,Invigilation & Staffing,Workload,Avoid evening-to-morning schedules.,Extraction from Research Literature,Carleton University (Awad and Chinneck (1998))
I1-13,Invigilation & Staffing,Workload,Distribute evening-to-morning schedules evenly among proctors.,Extraction from Research Literature,Carleton University (Awad and Chinneck (1998))
I1-14,Invigilation & Staffing,Workload,Allocate a greater number of invigilation shifts to proctors in higher experience classes.,Extraction from Research Literature,Carleton University (Awad and Chinneck (1998))
I1-15,Invigilation & Staffing,Workload,"Within the same experience class, assign more shifts to proctors who are available for more shifts and willing to work in more rooms.",Extraction from Research Literature,Carleton University (Awad and Chinneck (1998))
I1-16,Invigilation & Staffing,Workload,Assign fewer unfavourable schedules to proctors in higher experience classes.,Extraction from Research Literature,Carleton University (Awad and Chinneck (1998))
I2-1,Invigilation & Staffing,Roles / Separation,An instructor shall not invigilate an examination for which they are the principal teacher.,Extraction from Research Literature,MARA University of Technology (Cowling et al. (2002); Kendall and Hussin (2005))
I2-2,Invigilation & Staffing,Roles / Separation,Teaching staff shall not simultaneously hold the roles of teacher and invigilator for the same examination.,Extraction from Research Literature,Ghaffar et al. (2025)
I2-3,Invigilation & Staffing,Roles / Separation,"Where pedagogical policy requires it, the same individual may serve as teacher, subject expert, supervisor, and invigilator for a designated examination.",Extraction from Research Literature,Ghaffar et al. (2025)
I2-4,Invigilation & Staffing,Roles / Separation,"Of the professors assigned to a session, at least one shall be the principal examiner and at least one an external supervisor.",Extraction from Research Literature,Vestfold County School Department (Avella et al. (2025))
I2-5,Invigilation & Staffing,Roles / Separation,There should be one instructor at each timeslot who can serve as chair.,Extraction from Research Literature,Budapest University of Technology and Economics (Erdős and Kovári (2021))
I2-6,Invigilation & Staffing,Roles / Separation,There should be one instructor at each timeslot who can serve as secretary.,Extraction from Research Literature,Budapest University of Technology and Economics (Erdős and Kovári (2021))
I2-7,Invigilation & Staffing,Roles / Separation,There should be at least one instructor at each timeslot who can serve as member.,Extraction from Research Literature,Budapest University of Technology and Economics (Erdős and Kovári (2021))
I3-1,Invigilation & Staffing,Availability,An invigilator shall be available for the entire duration of the examination to which they are assigned.,Survey at Université de Tours,Université de Tours
I3-2,Invigilation & Staffing,Availability,A minimum buffer of ∆ hours shall separate an instructor’s own examination from any subsequent invigilation duty.,Extraction from Research Literature,MARA University of Technology (Cowling et al. (2002); Kendall and Hussin (2005))
I3-3,Invigilation & Staffing,Availability,Staff involved in project presentations or evaluations shall not be scheduled for invigilation during conflicting time blocks.,Extraction from Research Literature,MARA University of Technology (Cowling et al. (2002); Kendall and Hussin (2005))
I3-4,Invigilation & Staffing,Availability,A guard-time parameter ∆ shall be observed before an invigilator may supervise a second examination.,Extraction from Research Literature,Kuwait University (Al-Yakoob et al. (2010))
I3-5,Invigilation & Staffing,Availability,Instructor time-slot preferences should be honoured where feasible.,Survey at Université de Tours,Université de Tours
I3-6,Invigilation & Staffing,Availability,The supervisor and the referee of a thesis examination must be scheduled so that both can attend. Equivalent to S3-3.,Extraction from Research Literature,Masaryk University (Kochaniková and Rudová (2013); Rudová et al. (2014))
I3-7,Invigilation & Staffing,Availability,Examinations for courses taught by the same instructional team shall be scheduled in different time slots.,Extraction from Research Literature,Universidad Diego Portales (Cataldo et al. (2017))
I3-8,Invigilation & Staffing,Availability,Car-pool members always work the same shifts.,Extraction from Research Literature,Carleton University (Awad and Chinneck (1998))
I4-1,Invigilation & Staffing,Requirement,Each examination shall be supervised by at least the minimum number of invigilators specified by regulation.,Survey at Université de Tours,Université de Tours
I4-2,Invigilation & Staffing,Requirement,Each academic department shall provide at least the departmental quota of proctoring personnel per examination day.,Extraction from Research Literature,Ankara HBV University (Bayar and Uzun Bayar (2020))
I4-3,Invigilation & Staffing,Requirement,Designated examinations shall be supervised by specifically named invigilators.,Survey at Université de Tours,Université de Tours
I4-4,Invigilation & Staffing,Requirement,"Where required, female proctors shall be assigned to examinations held for female-only cohorts. (Equivalent to E2-2)",Extraction from Research Literature,Kuwait University (Al-Yakoob et al. (2010))
I4-5,Invigilation & Staffing,Requirement,Each campus shall supply invigilators for its own examinations using its assigned pool of teaching staff.,Extraction from Research Literature,MARA University of Technology (Cowling et al. (2002); Kendall and Hussin (2005))
I4-6,Invigilation & Staffing,Requirement,Each shift shall include any full-time proctor who is available for that shift.,Extraction from Research Literature,Carleton University (Awad and Chinneck (1998))
I4-7,Invigilation & Staffing,Requirement,A minimum of two professors qualified for the subject shall be assigned to every active examination session.,Extraction from Research Literature,Vestfold County School Department (Avella et al. (2025))
D1-1,Sequencing & Dependencies,Sequence,Exam A shall be scheduled before Exam B.,Extraction from Research Literature,Université Catholique de l’Ouest (Boizumault et al. (1996))
D1-2,Sequencing & Dependencies,Sequence,Exam A shall be scheduled after Exam B.,Constructed Constraints,Constructed constraint
D1-3,Sequencing & Dependencies,Sequence,Exams A and B shall be scheduled in the same period.,Extraction from Research Literature,Université de Technologie de Compiègne (Arbaoui et al. (2013))
D1-4,Sequencing & Dependencies,Sequence,Exams A and B must not share the same period. (Equivalent to S2-6),Extraction from Research Literature,United States Military Academy in West Point (Wang et al. (2010))
D1-5,Sequencing & Dependencies,Sequence,Exams sharing common questions shall be scheduled concurrently.,Extraction from Research Literature,UK institutions (Burke et al. (1996))
D1-6,Sequencing & Dependencies,Sequence,Exam A must precede Exam B by at least a pre-defined time interval ∆.,Survey at Université de Tours,Université de Tours
D1-7,Sequencing & Dependencies,Sequence,Exam A must follow Exam B by at least a pre-defined time interval ∆.,Survey at Université de Tours,Université de Tours
D1-8,Sequencing & Dependencies,Sequence,Exactly one exam in a designated group shall be scheduled last within that group.,Extraction from Research Literature,UK institutions (Burke et al. (1996))
D1-9,Sequencing & Dependencies,Sequence,Exactly one exam in a designated group shall be scheduled first within that group.,Extraction from Research Literature,UK institutions (Burke et al. (1996))
D1-10,Sequencing & Dependencies,Sequence,Specified pairs of exams shall be held on the same calendar day.,Extraction from Research Literature,Carter and Laporte (1996)
D1-11,Sequencing & Dependencies,Sequence,"Exams belonging to mutually exclusive categories (e.g., two music classes) shall not be scheduled simultaneously.",Extraction from Research Literature,Cedar Crest College (Mehta (1981))
D1-12,Sequencing & Dependencies,Sequence,"Where feasible, avoid scheduling designated courses in specified examination periods.",Extraction from Research Literature,United States Military Academy in West Point (Wang et al. (2010))
D1-13,Sequencing & Dependencies,Sequence,All written papers of the same subject shall be scheduled in a single period.,Extraction from Research Literature,Katholieke Hogeschool Sint-Lieven (Demeester et al. (2012))
D1-14,Sequencing & Dependencies,Sequence,Exams A and B shall be scheduled in the same room at the same time.,Extraction from Research Literature,University of British Columbia (Hare and Hamilton (2022))
D2-1,Sequencing & Dependencies,Fixed Time,An examination should be held at the same time as the regular lecture where institutional policy so requires.,Extraction from Research Literature,École de technologie supérieure (Wong et al. (2002))
D2-2,Sequencing & Dependencies,Fixed Time,An examination must be scheduled no later than a pre-defined deadline.,Constructed Constraints,Constructed constraint
D2-3,Sequencing & Dependencies,Fixed Time,An examination must be scheduled no earlier than a pre-defined release time.,Constructed Constraints,Constructed constraint
D2-4,Sequencing & Dependencies,Fixed Time,"An examination must be held at a fixed, pre-assigned period.",Extraction from Research Literature,Université Catholique de l’Ouest (Boizumault et al. (1996))
D2-5,Sequencing & Dependencies,Fixed Time,The final examination for a course shall be scheduled only on weekdays that match its regular meeting pattern.,Extraction from Research Literature,Kutztown University (Sienko et al. (2016))
D3-1,Sequencing & Dependencies,Dependent Scheduling,Examinations with the largest candidate counts should be scheduled early in the timetable.,Extraction from Research Literature,UK institutions (Burke et al. (1996))
D3-2,Sequencing & Dependencies,Dependent Scheduling,High-capacity courses should be timetabled in the first week to maximise grading time for lecturers.,Extraction from Research Literature,Kamisli Ozturk et al. (2024)
D3-3,Sequencing & Dependencies,Dependent Scheduling,"Finals, honours examinations, or papers subject to external moderation should appear early in the session.",Extraction from Research Literature,UK institutions (Burke et al. (1996))
D3-4,Sequencing & Dependencies,Dependent Scheduling,Examinations with the largest candidate counts shall be scheduled towards the end of the examination session.,Extraction from Research Literature,Alzaqebah and Abdullah (2015)
D3-5,Sequencing & Dependencies,Dependent Scheduling,Designated examinations shall rotate their position within the timetable across successive academic years so that no single exam is always last.,Extraction from Research Literature,University of Toronto and Carleton University (Carter et al. (1994))
D3-6,Sequencing & Dependencies,Dependent Scheduling,Retain the optimised timetable from the previous year as much as possible by minimising changes.,Extraction from Research Literature,Carter and Laporte (1996)
D3-7,Sequencing & Dependencies,Dependent Scheduling,Examinations shall be fixed in hierarchical order.,Extraction from Research Literature,King Fahd University of Petroleum and Minerals (Almaslami et al. (2023))
E1-1,Equity & Inclusion,Handicap,Authorised students with disabilities shall receive extra time in accordance with accessibility policy.,Survey at Université de Tours,Université de Tours
E1-2,Equity & Inclusion,Handicap,"Students with disabilities shall be scheduled in rooms that meet accessibility standards (ramps, adapted desks, etc.).",Survey at Université de Tours,Université de Tours
E1-3,Equity & Inclusion,Handicap,"Required assistive equipment (e.g., screen readers, enlarged-font papers) shall be available at the examination venue.",Survey at Université de Tours,Université de Tours
E1-4,Equity & Inclusion,Handicap,Dedicated support staff shall be assigned to assist candidates with disabilities during examinations.,Survey at Université de Tours,Université de Tours
E1-5,Equity & Inclusion,Handicap,Accessible examination rooms shall be reserved for invigilators with disabilities.,Survey at Université de Tours,Université de Tours
E1-6,Equity & Inclusion,Handicap,Students with disabilities shall be scheduled in separate rooms.,Survey at Université de Tours,Université de Tours
E2-1,Equity & Inclusion,Religion / Culture,Religious convictions must be respected.,Extraction from Research Literature,UK institutions (Burke et al. (1996))
E2-2,Equity & Inclusion,Religion / Culture,"Where required, female proctors shall be assigned to examinations held for female-only cohorts. (Equivalent to I4-4)",Extraction from Research Literature,Kuwait University (Al-Yakoob et al. (2010))
E2-3,Equity & Inclusion,Religion / Culture,"If an examination falls on a state-specific public holiday observed by any registered candidate, the examination shall be moved to an alternative slot. (Equivalent to L1-7)",Extraction from Research Literature,MARA University of Technology (Cowling et al. (2002); Kendall and Hussin (2005))
E3-1,Equity & Inclusion,Limited Time,The scheduling algorithm shall respect the declared availability windows of students on work–study (alternance) programmes.,Extraction from Research Literature,UK institutions (Burke et al. (1996))
E3-2,Equity & Inclusion,Limited Time,The availability constraints of part-time students shall be honoured when allocating examination periods.,Extraction from Research Literature,UK institutions (Burke et al. (1996))
E3-3,Equity & Inclusion,Limited Time,Designated student groups may be restricted to a predefined subset of examination periods.,Extraction from Research Literature,University of Toronto and Carleton University (Carter et al. (1994))
E4-1,Equity & Inclusion,Language,"Foreign-exchange students shall, where feasible, be seated in separate rooms from domestic cohorts.",Extraction from Research Literature,UK institutions (Burke et al. (1996))
E4-2,Equity & Inclusion,Language,The assigned invigilator shall be proficient in the language of the examination.,Extraction from Research Literature,École des Mines de Nantes (David (1998))
E4-3,Equity & Inclusion,Language,"Where practicable, examinations delivered in different languages should not occur on the same day for the same cohort of students.",Extraction from Research Literature,UK institutions (Burke et al. (1996))
E5-1,Equity & Inclusion,Diversity,"Certain examination rules may apply only to specified categories of classes or students (e.g., clinical placements).",Extraction from Research Literature,United States Military Academy in West Point (Wang et al. (2010))
E5-2,Equity & Inclusion,Diversity,Re-sit candidates should be scheduled in locations distinct from first-sit candidates.,Extraction from Research Literature,UK institutions (Burke et al. (1996))
E5-3,Equity & Inclusion,Diversity,Students enrolled in adjacent-year curricula (AJAC) shall be treated as a distinct cohort for clash-avoidance purposes.,Survey at Université de Tours,Université de Tours
L1-1,Logistics & Cost,Window & Session,All examinations shall be scheduled within the official examination window published by the university.,Survey at Université de Tours,Université de Tours
L1-2,Logistics & Cost,Window & Session,Designated examinations may be timetabled only inside a predefined subset of periods.,Extraction from Research Literature,UK institutions (Burke et al. (1996))
L1-3,Logistics & Cost,Window & Session,The length of the overall examination session shall be minimised with respect to the number of calendar days required.,Extraction from Research Literature,Athens University of Economics and Business (Dimopoulou and Miliotis (2001))
L1-4,Logistics & Cost,Window & Session,The total number of examination days shall be minimised subject to feasibility.,Extraction from Research Literature,Masdar Institute (Siew et al. (2024))
L1-5,Logistics & Cost,Window & Session,Each examination period shall have a minimum duration prescribed by institutional policy.,Survey at Université de Tours,Université de Tours
L1-6,Logistics & Cost,Window & Session,Every examination day shall consist of a set of pre-defined time periods.,Extraction from Research Literature,Athens University of Economics and Business (Dimopoulou and Miliotis (2001))
L1-7,Logistics & Cost,Window & Session,"If an examination falls on a state-specific public holiday observed by any registered candidate, the examination shall be moved to an alternative slot. (Equivalent to E2-3)",Extraction from Research Literature,MARA University of Technology (Cowling et al. (2002); Kendall and Hussin (2005))
L1-8,Logistics & Cost,Window & Session,Any free examination periods shall be placed at the end of the timetable.,Extraction from Research Literature,École des Mines de Nantes (David (1998))
L1-9,Logistics & Cost,Window & Session,Maximise the number of exams that could be moved to another period without disrupting the rest of the schedule.,Extraction from Research Literature,Carter and Laporte (1996)
L2-1,Logistics & Cost,Timing & Buffers,Timetables shall allow sufficient travel time for students moving between distinct campuses or sites.,Extraction from Research Literature,UK institutions (Burke et al. (1996))
L2-2,Logistics & Cost,Timing & Buffers,An examination shall not be split across multiple periods.,Extraction from Research Literature,Université de Technologie de Compiègne (Arbaoui et al. (2013))
L2-3,Logistics & Cost,Timing & Buffers,The duration of an examination assigned to a period shall not exceed the duration of that period.,Extraction from Research Literature,Université de Technologie de Compiègne (Arbaoui et al. (2013))
L2-4,Logistics & Cost,Timing & Buffers,A minimum transfer buffer shall separate two examinations when a candidate moves between examination centres. (Equivalent to L5-5),Extraction from Research Literature,Modirkhorasani and Hoseinpour (2024)
L3-1,Logistics & Cost,Location,"Students should, where practicable, be examined on their home site.",Extraction from Research Literature,UK institutions (Burke et al. (1996))
L3-2,Logistics & Cost,Location,Consecutive examinations for the same student should not be held at different sites.,Extraction from Research Literature,UK institutions (Burke et al. (1996))
L3-3,Logistics & Cost,Location,Each candidate shall be assigned to a specific examination centre. (Equivalent to L5-4),Extraction from Research Literature,Modirkhorasani and Hoseinpour (2024)
L3-4,Logistics & Cost,Location,Scheduling shall account for parking capacity and expected traffic conditions around examination venues.,Extraction from Research Literature,Kuwait University (Al-Yakoob et al. (2010))
L3-5,Logistics & Cost,Location,"Each student shall be assigned to the geographically nearest examination centre, minimising travel distance.",Extraction from Research Literature,Çalık et al. (2024)
L3-6,Logistics & Cost,Location,Proctors shall not be assigned to rooms they have flagged as unacceptable or unadapted.,Extraction from Research Literature,Carleton University (Awad and Chinneck (1998))
L4-1,Logistics & Cost,Cost,"Usage of premium-cost resources (e.g., rented halls) shall be penalised in the objective function.",Survey at Université de Tours,Université de Tours
L4-2,Logistics & Cost,Cost,Rooms with higher rental rates shall incur a cost penalty proportional to their use.,Survey at Université de Tours,Université de Tours
L4-3,Logistics & Cost,Cost,Hiring temporary invigilation staff shall be modelled with a unit cost to be minimised.,Survey at Université de Tours,Université de Tours
L5-1,Logistics & Cost,Pandemic,"To mitigate pandemic risks, examinations should be assigned to department-specific time slots, limiting inter-department contact.",Extraction from Research Literature,Kamisli Ozturk et al. (2024)
L5-2,Logistics & Cost,Pandemic,High-capacity examinations should avoid early-morning slots to reduce congestion in public transport and lower transmission risk.,Extraction from Research Literature,Kamisli Ozturk et al. (2024)
L5-3,Logistics & Cost,Pandemic,Candidates may be separated in different centres to limit pandemic risk.,Extraction from Research Literature,Modirkhorasani and Hoseinpour (2024)
L5-4,Logistics & Cost,Pandemic,Each candidate shall be assigned to a specific examination centre. (Equivalent to L3-3),Extraction from Research Literature,Modirkhorasani and Hoseinpour (2024)
L5-5,Logistics & Cost,Pandemic,A minimum transfer buffer shall separate two examinations when a candidate moves between centres. (Equivalent to L2-4),Extraction from Research Literature,Modirkhorasani and Hoseinpour (2024)
L6-1,Logistics & Cost,Repetition,Every examination must be scheduled.,Extraction from Research Literature,Athens University of Economics and Business (Dimopoulou and Miliotis (2001))
L6-2,Logistics & Cost,Repetition,Every examination must be scheduled at least once.,Extraction from Research Literature,United States Military Academy in West Point (Wang et al. (2010))
L6-3,Logistics & Cost,Repetition,Every examination must be scheduled only once.,Survey at Université de Tours,Université de Tours
