source,source_type,country,region,student_enrolment,status,metadata_note
Alzaqebah and Abdullah (2015),publication,,,,,
Ankara HBV University (Bayar and Uzun Bayar (2020)),institution,Turkey,Middle East & Gulf,19243,Public,
Athens University of Economics and Business (Dimopoulou and Miliotis (2001)),institution,Greece,Europe,1280,Public,
Budapest University of Technology and Economics (Erdős and Kovári (2021)),institution,Hungary,Europe,20152,Public,
Carleton University (Awad and Chinneck (1998)),institution,Canada,North America,30713,Public,
Carter and Laporte (1996),publication,,,,,
Cedar Crest College (Mehta (1981)),institution,United States,North America,1248,Private,
Constructed constraint,constructed,,,,,
Cornell University (Ye et al. (2025)),institution,United States,North America,26793,Private,
Di Gaspero and Schaerf (2001),publication,,,,,
Ghaffar et al. (2025),publication,,,,,
Hubei University of Technology (OuYang and Chen (2010)),institution,China,Asia-Pacific,20000,Public,
Israel Institute of Technology (Strichman (2017)),institution,Israel,Middle East & Gulf,13703,Public,
Kamisli Ozturk et al. (2024),publication,,,,,
Katholieke Hogeschool Sint-Lieven (Demeester et al. (2012)),institution,Belgium,Europe,5200,Confessional / Faith-based,
King Fahd University of Petroleum and Minerals (Almaslami et al. (2023)),institution,Saudi Arabia,Middle East & Gulf,13772,Private,
King Saud University (Al-Negheimish et al. (2018); Hosny (2012)),institution,Saudi Arabia,Middle East & Gulf,61412,Public,
Komijan and Koupaei (2012),publication,,,,,
Kutztown University (Sienko et al. (2016)),institution,United States,North America,7391,Public,
Kuwait University (Al-Yakoob et al. (2010)),institution,Kuwait,Middle East & Gulf,39891,Public,
MARA University of Technology (Cowling et al. (2002); Kendall and Hussin (2005)),institution,Malaysia,Asia-Pacific,175910,Public,
Masaryk University (Kochaniková and Rudová (2013); Rudová et al. (2014)),institution,Czech Republic,Europe,35115,Public,
Masdar Institute (Siew et al. (2024)),institution,United Arab Emirates,Middle East & Gulf,456,Private,
Middle East Technical University (Ergül (1996)),institution,Turkey,Middle East & Gulf,23395,Public,
Modirkhorasani and Hoseinpour (2024),publication,,,,,
Muklason et al. (2017),publication,,,,,
Swansea University (Thompson and Dowsland (1995)),institution,United Kingdom,Europe,20000,Public,
UK institutions (Burke et al. (1996)),institution_group,United Kingdom,Europe,,,Group of UK institutions; enrolment and status left unclassified in the manuscript.
United States Military Academy in West Point (Wang et al. (2010)),institution,United States,North America,4294,Military,
Universidad Diego Portales (Cataldo et al. (2017)),institution,Chile,South America,17628,Private,
Universiti Kebangsaan Malaysia (Ayob et al. (2007)),institution,Malaysia,Asia-Pacific,49500,Public,
Universiti Malaysia Pahang (Mohmad Kahar and Kendall (2014)),institution,Malaysia,Asia-Pacific,17925,Public,
University College Cork (Genc and O’Sullivan (2020)),institution,Ireland,Europe,24195,Public,
University Malaysia Sarawak (Siew et al. (2025)),institution,Malaysia,Asia-Pacific,16492,Public,
University of British Columbia (Hare and Hamilton (2022)),institution,Canada,North America,53481,Public,
University of Sharjah (Lulu et al. (2024)),institution,United Arab Emirates,Middle East & Gulf,21174,Private,
University of Toronto and Carleton University (Carter et al. (1994)),multiple_institutions,Canada,North America,,Public,"Student enrolment left blank because the source covers both University of Toronto and Carleton University, while the legacy value 102431 referred only to University of Toronto."
Université Catholique de l’Ouest (Boizumault et al. (1996)),institution,France,Europe,12000,Confessional / Faith-based,
Université de Sfax (Dammak et al. (2007)),institution,Tunisia,Africa,32985,Public,Year corrected to 2007 as confirmed by the author.
Université de Technologie de Compiègne (Arbaoui et al. (2013)),institution,France,Europe,4400,Public,
Université de Tours,institution,France,Europe,27388,Public,
Vestfold County School Department (Avella et al. (2025)),school_department,Norway,Europe,,,Enrolment and institutional status are not classified in the manuscript.
Yıldız Technical University (Güler and Geçici (2020); Güler et al. (2021)),institution,Turkey,Middle East & Gulf,38900,Public,Student enrolment set to 38900 as confirmed by the author; the legacy workbook also contained 38908.
Çalık et al. (2024),publication,,,,,
École de technologie supérieure (Wong et al. (2002)),institution,Canada,North America,11000,Public,
École des Mines de Nantes (David (1998)),institution,France,Europe,1092,Public,
